,COUNTRY,BETA,MOMENTUM,SIZE,EARNYILD,RESVOL,GROWTH,BTOP,LEVERAGE,LIQUIDTY,SIZENL,ENERGY,CHEM,CONMAT,MTLMIN,MATERIAL,AERODEF,BLDPROD,CNSTENG,ELECEQP,INDCONG,MACH,TRDDIST,COMSERV,AIRLINE,MARINE,RDRLTRAN,AUTO,HOUSEDUR,LEISLUX,CONSSERV,MEDIA,RETAIL,PERSPRD,BEV,FOODPROD,HEALTH,BANKS,DVFININS,REALEST,SOFTWARE,HDWRSEMI,UTILITIE
portfolio_factor_exposure,1.0,0.04464315045371683,-0.8851197446968784,-1.987990390609845,-0.23272948196181054,-0.2517065357978997,-0.3242009427651885,0.29762585941503766,-0.24041706534007165,-0.15684746395572916,0.11698104479015432,0.025294685438291987,0.0948539668041975,0.009482539841451268,0.047013741228858874,0.030922533271554538,0.006804773869535078,0.01581464428981607,0.03158131367450543,0.0356566402724175,0.000645495685298615,0.08984021441451001,0.012655879920145104,0.03349331353924285,0.007333663882650717,0.002028105798325326,0.023693439689922196,0.04283925816470834,0.019497634445715353,0.042694542196552686,0.010940110743738463,0.026902219563983074,0.0248612454968347,0.009932721025843399,0.0024986929753494777,0.03227678321931103,0.06255423725439618,0.0012576754642592372,0.010161351433087875,0.049866082549986146,0.043602567223794686,0.11451172582474983,0.03848820079696645
