,portfolio_return,portfolio_variance,portfolio_standard_deviation
0,-0.01974532968387336,0.0656011843462028,0.25612728153440195
